{"cameraMode":{"drawMode":0,"name":"Shaded","section":"Shading Mode"},"sceneLighting":true,"audioPlay":false,"sceneViewState":{"m_AlwaysRefresh":false,"showFog":true,"showSkybox":true,"showFlares":true,"showImageEffects":true,"showParticleSystems":true,"showVisualEffectGraphs":true,"m_FxEnabled":true},"in2DMode":false,"pivot":{"x":11.581737518310547,"y":-2.2121171951293947,"z":-42.4669303894043},"rotation":{"x":0.002900106832385063,"y":0.9970860481262207,"z":-0.054206475615501407,"w":0.053492993116378787},"size":16.22852897644043,"orthographic":false}